,FECHA,NUM,CANT,CAT,NOMBRE,PRECIO,ANHO,MES,DIA,TOTAL
0,2018/9/22,23346,18,ABARROTES,Aceite,890,2018,9,22,16020
1,2018/10/7,23346,35,ABARROTES,Aceite,890,2018,10,7,31150
2,2018/7/1,23346,13,ABARROTES,Aceite,890,2018,7,1,11570
3,2018/8/3,23346,10,ABARROTES,Aceite,890,2018,8,3,8900
4,2018/7/13,23346,37,ABARROTES,Aceite,890,2018,7,13,32930
5,2018/12/27,23346,33,ABARROTES,Aceite,890,2018,12,27,29370
6,2018/10/14,23346,16,ABARROTES,Aceite,890,2018,10,14,14240
7,2018/11/13,23346,24,ABARROTES,Aceite,890,2018,11,13,21360
8,2018/1/12,23346,31,ABARROTES,Aceite,890,2018,1,12,27590
9,2018/5/15,23346,49,ABARROTES,Aceite,890,2018,5,15,43610
10,2018/6/21,23346,16,ABARROTES,Aceite,890,2018,6,21,14240
11,2018/5/1,23346,50,ABARROTES,Aceite,890,2018,5,1,44500
12,2018/2/8,23346,13,ABARROTES,Aceite,890,2018,2,8,11570
13,2018/4/17,23346,8,ABARROTES,Aceite,890,2018,4,17,7120
14,2018/6/7,23346,38,ABARROTES,Aceite,890,2018,6,7,33820
15,2018/3/11,23346,42,ABARROTES,Aceite,890,2018,3,11,37380
16,2018/12/27,23346,31,ABARROTES,Aceite,890,2018,12,27,27590
17,2018/9/14,23346,15,ABARROTES,Aceite,890,2018,9,14,13350
18,2018/1/21,23346,11,ABARROTES,Aceite,890,2018,1,21,9790
19,2018/9/19,23346,24,ABARROTES,Aceite,890,2018,9,19,21360
20,2018/6/16,23346,12,ABARROTES,Aceite,890,2018,6,16,10680
21,2018/9/26,23346,4,ABARROTES,Aceite,890,2018,9,26,3560
22,2018/5/10,23346,40,ABARROTES,Aceite,890,2018,5,10,35600
23,2018/2/22,23346,37,ABARROTES,Aceite,890,2018,2,22,32930
24,2018/4/24,23346,39,ABARROTES,Aceite,890,2018,4,24,34710
25,2018/8/28,23346,16,ABARROTES,Aceite,890,2018,8,28,14240
26,2018/11/9,23346,25,ABARROTES,Aceite,890,2018,11,9,22250
27,2018/12/19,23346,49,ABARROTES,Aceite,890,2018,12,19,43610
28,2018/2/8,60128,49,CARNES,Molida (kg),2590,2018,2,8,126910
29,2018/12/2,60128,9,CARNES,Molida (kg),2590,2018,12,2,23310
30,2018/3/21,60128,31,CARNES,Molida (kg),2590,2018,3,21,80290
31,2018/11/27,60128,17,CARNES,Molida (kg),2590,2018,11,27,44030
32,2018/12/24,60128,6,CARNES,Molida (kg),2590,2018,12,24,15540
33,2018/1/9,60128,32,CARNES,Molida (kg),2590,2018,1,9,82880
34,2018/12/1,60128,26,CARNES,Molida (kg),2590,2018,12,1,67340
35,2018/11/3,60128,41,CARNES,Molida (kg),2590,2018,11,3,106190
36,2018/5/18,60128,4,CARNES,Molida (kg),2590,2018,5,18,10360
37,2018/12/7,60128,25,CARNES,Molida (kg),2590,2018,12,7,64750
38,2018/3/12,60128,10,CARNES,Molida (kg),2590,2018,3,12,25900
39,2018/3/24,60128,13,CARNES,Molida (kg),2590,2018,3,24,33670
40,2018/6/19,60128,22,CARNES,Molida (kg),2590,2018,6,19,56980
41,2018/10/10,60128,15,CARNES,Molida (kg),2590,2018,10,10,38850
42,2018/3/21,60128,22,CARNES,Molida (kg),2590,2018,3,21,56980
43,2018/5/27,60128,21,CARNES,Molida (kg),2590,2018,5,27,54390
44,2018/10/20,60128,11,CARNES,Molida (kg),2590,2018,10,20,28490
45,2018/10/7,60128,41,CARNES,Molida (kg),2590,2018,10,7,106190
46,2018/2/27,60128,32,CARNES,Molida (kg),2590,2018,2,27,82880
47,2018/12/10,60128,25,CARNES,Molida (kg),2590,2018,12,10,64750
48,2018/9/8,60128,45,CARNES,Molida (kg),2590,2018,9,8,116550
49,2018/3/23,60128,24,CARNES,Molida (kg),2590,2018,3,23,62160
50,2018/12/8,60128,16,CARNES,Molida (kg),2590,2018,12,8,41440
51,2018/3/14,60128,15,CARNES,Molida (kg),2590,2018,3,14,38850
52,2018/12/11,60128,6,CARNES,Molida (kg),2590,2018,12,11,15540
53,2018/10/6,60128,19,CARNES,Molida (kg),2590,2018,10,6,49210
54,2018/3/11,60128,33,CARNES,Molida (kg),2590,2018,3,11,85470
55,2018/10/7,60128,13,CARNES,Molida (kg),2590,2018,10,7,33670
56,2018/7/13,60128,3,CARNES,Molida (kg),2590,2018,7,13,7770
57,2018/11/24,60128,18,CARNES,Molida (kg),2590,2018,11,24,46620
58,2018/1/2,60128,27,CARNES,Molida (kg),2590,2018,1,2,69930
59,2018/12/25,60128,26,CARNES,Molida (kg),2590,2018,12,25,67340
60,2018/6/14,52605,48,VERDURAS,Lechuga,1190,2018,6,14,57120
61,2018/5/21,52605,36,VERDURAS,Lechuga,1190,2018,5,21,42840
62,2018/5/3,52605,50,VERDURAS,Lechuga,1190,2018,5,3,59500
63,2018/2/4,52605,7,VERDURAS,Lechuga,1190,2018,2,4,8330
64,2018/2/20,52605,14,VERDURAS,Lechuga,1190,2018,2,20,16660
65,2018/9/10,52605,34,VERDURAS,Lechuga,1190,2018,9,10,40460
66,2018/8/10,52605,24,VERDURAS,Lechuga,1190,2018,8,10,28560
67,2018/1/13,52605,37,VERDURAS,Lechuga,1190,2018,1,13,44030
68,2018/8/1,52605,1,VERDURAS,Lechuga,1190,2018,8,1,1190
69,2018/5/7,52605,38,VERDURAS,Lechuga,1190,2018,5,7,45220
70,2018/4/26,52605,17,VERDURAS,Lechuga,1190,2018,4,26,20230
71,2018/8/27,52605,38,VERDURAS,Lechuga,1190,2018,8,27,45220
72,2018/8/10,52605,34,VERDURAS,Lechuga,1190,2018,8,10,40460
73,2018/2/28,52605,42,VERDURAS,Lechuga,1190,2018,2,28,49980
74,2018/1/11,52605,7,VERDURAS,Lechuga,1190,2018,1,11,8330
75,2018/2/15,52605,28,VERDURAS,Lechuga,1190,2018,2,15,33320
76,2018/3/20,52605,15,VERDURAS,Lechuga,1190,2018,3,20,17850
77,2018/9/4,52605,33,VERDURAS,Lechuga,1190,2018,9,4,39270
78,2018/4/27,52605,6,VERDURAS,Lechuga,1190,2018,4,27,7140
79,2018/8/16,52605,19,VERDURAS,Lechuga,1190,2018,8,16,22610
80,2018/1/3,52605,11,VERDURAS,Lechuga,1190,2018,1,3,13090
81,2018/3/21,52605,29,VERDURAS,Lechuga,1190,2018,3,21,34510
82,2018/5/28,52605,32,VERDURAS,Lechuga,1190,2018,5,28,38080
83,2018/12/19,52605,18,VERDURAS,Lechuga,1190,2018,12,19,21420
84,2018/12/3,52605,23,VERDURAS,Lechuga,1190,2018,12,3,27370
85,2018/3/5,52605,47,VERDURAS,Lechuga,1190,2018,3,5,55930
86,2018/10/9,52605,37,VERDURAS,Lechuga,1190,2018,10,9,44030
87,2018/11/11,52605,34,VERDURAS,Lechuga,1190,2018,11,11,40460
88,2018/10/14,52605,39,VERDURAS,Lechuga,1190,2018,10,14,46410
89,2018/8/5,74437,44,PANADERIA,Torta manjar crema,7990,2018,8,5,351560
90,2018/9/18,74437,32,PANADERIA,Torta manjar crema,7990,2018,9,18,255680
91,2018/9/18,74437,18,PANADERIA,Torta manjar crema,7990,2018,9,18,143820
92,2018/5/16,74437,16,PANADERIA,Torta manjar crema,7990,2018,5,16,127840
93,2018/9/13,74437,9,PANADERIA,Torta manjar crema,7990,2018,9,13,71910
94,2018/7/16,74437,26,PANADERIA,Torta manjar crema,7990,2018,7,16,207740
95,2018/11/27,74437,31,PANADERIA,Torta manjar crema,7990,2018,11,27,247690
96,2018/6/21,74437,40,PANADERIA,Torta manjar crema,7990,2018,6,21,319600
97,2018/10/14,74437,47,PANADERIA,Torta manjar crema,7990,2018,10,14,375530
98,2018/9/14,74437,20,PANADERIA,Torta manjar crema,7990,2018,9,14,159800
99,2018/10/15,74437,2,PANADERIA,Torta manjar crema,7990,2018,10,15,15980
100,2018/9/24,74437,5,PANADERIA,Torta manjar crema,7990,2018,9,24,39950
101,2018/6/28,74437,11,PANADERIA,Torta manjar crema,7990,2018,6,28,87890
102,2018/9/6,74437,33,PANADERIA,Torta manjar crema,7990,2018,9,6,263670
103,2018/10/4,74437,40,PANADERIA,Torta manjar crema,7990,2018,10,4,319600
104,2018/10/15,74437,43,PANADERIA,Torta manjar crema,7990,2018,10,15,343570
105,2018/12/27,74437,37,PANADERIA,Torta manjar crema,7990,2018,12,27,295630
106,2018/12/15,74437,48,PANADERIA,Torta manjar crema,7990,2018,12,15,383520
107,2018/1/22,74437,11,PANADERIA,Torta manjar crema,7990,2018,1,22,87890
108,2018/5/14,74437,45,PANADERIA,Torta manjar crema,7990,2018,5,14,359550
109,2018/8/21,71935,14,PANADERIA,Marraqueta (kg),890,2018,8,21,12460
110,2018/6/27,71935,43,PANADERIA,Marraqueta (kg),890,2018,6,27,38270
111,2018/6/15,71935,26,PANADERIA,Marraqueta (kg),890,2018,6,15,23140
112,2018/7/6,71935,43,PANADERIA,Marraqueta (kg),890,2018,7,6,38270
113,2018/1/17,71935,21,PANADERIA,Marraqueta (kg),890,2018,1,17,18690
114,2018/3/3,71935,18,PANADERIA,Marraqueta (kg),890,2018,3,3,16020
115,2018/1/21,71935,48,PANADERIA,Marraqueta (kg),890,2018,1,21,42720
116,2018/2/12,71935,32,PANADERIA,Marraqueta (kg),890,2018,2,12,28480
117,2018/8/18,71935,37,PANADERIA,Marraqueta (kg),890,2018,8,18,32930
118,2018/10/1,71935,12,PANADERIA,Marraqueta (kg),890,2018,10,1,10680
119,2018/2/27,71935,6,PANADERIA,Marraqueta (kg),890,2018,2,27,5340
120,2018/9/25,71935,32,PANADERIA,Marraqueta (kg),890,2018,9,25,28480
121,2018/12/13,71935,11,PANADERIA,Marraqueta (kg),890,2018,12,13,9790
122,2018/4/11,71935,39,PANADERIA,Marraqueta (kg),890,2018,4,11,34710
123,2018/1/20,71935,3,PANADERIA,Marraqueta (kg),890,2018,1,20,2670
124,2018/11/5,71935,38,PANADERIA,Marraqueta (kg),890,2018,11,5,33820
125,2018/12/8,71935,50,PANADERIA,Marraqueta (kg),890,2018,12,8,44500
126,2018/7/10,71935,1,PANADERIA,Marraqueta (kg),890,2018,7,10,890
127,2018/9/26,71935,47,PANADERIA,Marraqueta (kg),890,2018,9,26,41830
128,2018/11/21,71935,46,PANADERIA,Marraqueta (kg),890,2018,11,21,40940
129,2018/6/11,61814,35,CARNES,Lomo Liso (kg),4990,2018,6,11,174650
130,2018/10/3,61814,26,CARNES,Lomo Liso (kg),4990,2018,10,3,129740
131,2018/1/1,61814,39,CARNES,Lomo Liso (kg),4990,2018,1,1,194610
132,2018/3/5,61814,28,CARNES,Lomo Liso (kg),4990,2018,3,5,139720
133,2018/8/26,61814,40,CARNES,Lomo Liso (kg),4990,2018,8,26,199600
134,2018/9/20,61814,1,CARNES,Lomo Liso (kg),4990,2018,9,20,4990
135,2018/10/19,61814,43,CARNES,Lomo Liso (kg),4990,2018,10,19,214570
136,2018/8/7,61814,21,CARNES,Lomo Liso (kg),4990,2018,8,7,104790
137,2018/2/7,61814,9,CARNES,Lomo Liso (kg),4990,2018,2,7,44910
138,2018/10/27,61814,13,CARNES,Lomo Liso (kg),4990,2018,10,27,64870
139,2018/4/6,61814,23,CARNES,Lomo Liso (kg),4990,2018,4,6,114770
140,2018/1/7,61814,47,CARNES,Lomo Liso (kg),4990,2018,1,7,234530
141,2018/2/3,61814,27,CARNES,Lomo Liso (kg),4990,2018,2,3,134730
142,2018/2/19,61814,17,CARNES,Lomo Liso (kg),4990,2018,2,19,84830
143,2018/7/25,61814,1,CARNES,Lomo Liso (kg),4990,2018,7,25,4990
144,2018/1/1,61814,24,CARNES,Lomo Liso (kg),4990,2018,1,1,119760
145,2018/10/9,61814,37,CARNES,Lomo Liso (kg),4990,2018,10,9,184630
146,2018/8/13,61814,30,CARNES,Lomo Liso (kg),4990,2018,8,13,149700
147,2018/8/6,61814,17,CARNES,Lomo Liso (kg),4990,2018,8,6,84830
148,2018/3/4,61814,25,CARNES,Lomo Liso (kg),4990,2018,3,4,124750
149,2018/12/19,63326,29,CARNES,Costillar Cerdo (kg),4790,2018,12,19,138910
150,2018/5/10,63326,16,CARNES,Costillar Cerdo (kg),4790,2018,5,10,76640
151,2018/7/1,63326,21,CARNES,Costillar Cerdo (kg),4790,2018,7,1,100590
152,2018/8/22,63326,30,CARNES,Costillar Cerdo (kg),4790,2018,8,22,143700
153,2018/8/17,63326,23,CARNES,Costillar Cerdo (kg),4790,2018,8,17,110170
154,2018/11/25,63326,33,CARNES,Costillar Cerdo (kg),4790,2018,11,25,158070
155,2018/11/21,63326,5,CARNES,Costillar Cerdo (kg),4790,2018,11,21,23950
156,2018/4/16,63326,1,CARNES,Costillar Cerdo (kg),4790,2018,4,16,4790
157,2018/12/26,63326,26,CARNES,Costillar Cerdo (kg),4790,2018,12,26,124540
158,2018/2/28,63326,28,CARNES,Costillar Cerdo (kg),4790,2018,2,28,134120
159,2018/8/11,63326,4,CARNES,Costillar Cerdo (kg),4790,2018,8,11,19160
160,2018/2/7,63326,42,CARNES,Costillar Cerdo (kg),4790,2018,2,7,201180
161,2018/8/10,63326,45,CARNES,Costillar Cerdo (kg),4790,2018,8,10,215550
162,2018/1/13,63326,15,CARNES,Costillar Cerdo (kg),4790,2018,1,13,71850
163,2018/8/25,49773,42,FRUTAS,Kiwi (kg),1090,2018,8,25,45780
164,2018/12/5,49773,45,FRUTAS,Kiwi (kg),1090,2018,12,5,49050
165,2018/11/20,49773,28,FRUTAS,Kiwi (kg),1090,2018,11,20,30520
166,2018/12/23,49773,15,FRUTAS,Kiwi (kg),1090,2018,12,23,16350
167,2018/12/9,49773,46,FRUTAS,Kiwi (kg),1090,2018,12,9,50140
168,2018/1/4,49773,38,FRUTAS,Kiwi (kg),1090,2018,1,4,41420
169,2018/12/18,49773,39,FRUTAS,Kiwi (kg),1090,2018,12,18,42510
170,2018/1/25,49773,12,FRUTAS,Kiwi (kg),1090,2018,1,25,13080
171,2018/11/17,49773,18,FRUTAS,Kiwi (kg),1090,2018,11,17,19620
172,2018/10/16,49773,19,FRUTAS,Kiwi (kg),1090,2018,10,16,20710
173,2018/3/13,49773,2,FRUTAS,Kiwi (kg),1090,2018,3,13,2180
174,2018/4/16,49773,20,FRUTAS,Kiwi (kg),1090,2018,4,16,21800
175,2018/2/28,49773,39,FRUTAS,Kiwi (kg),1090,2018,2,28,42510
176,2018/8/21,49773,47,FRUTAS,Kiwi (kg),1090,2018,8,21,51230
177,2018/12/27,49773,4,FRUTAS,Kiwi (kg),1090,2018,12,27,4360
178,2018/12/1,49773,49,FRUTAS,Kiwi (kg),1090,2018,12,1,53410
179,2018/6/28,49773,33,FRUTAS,Kiwi (kg),1090,2018,6,28,35970
180,2018/4/18,49773,4,FRUTAS,Kiwi (kg),1090,2018,4,18,4360
181,2018/12/14,49773,48,FRUTAS,Kiwi (kg),1090,2018,12,14,52320
182,2018/5/25,49773,33,FRUTAS,Kiwi (kg),1090,2018,5,25,35970
183,2018/8/26,49773,22,FRUTAS,Kiwi (kg),1090,2018,8,26,23980
184,2018/12/5,49773,46,FRUTAS,Kiwi (kg),1090,2018,12,5,50140
185,2018/6/19,49773,33,FRUTAS,Kiwi (kg),1090,2018,6,19,35970
186,2018/11/15,49773,48,FRUTAS,Kiwi (kg),1090,2018,11,15,52320
187,2018/4/17,49773,21,FRUTAS,Kiwi (kg),1090,2018,4,17,22890
188,2018/4/18,49773,24,FRUTAS,Kiwi (kg),1090,2018,4,18,26160
189,2018/11/9,49773,27,FRUTAS,Kiwi (kg),1090,2018,11,9,29430
190,2018/11/13,66336,34,CARNES,Pulpa Cerdo (kg),4890,2018,11,13,166260
191,2018/10/2,66336,17,CARNES,Pulpa Cerdo (kg),4890,2018,10,2,83130
192,2018/1/12,66336,27,CARNES,Pulpa Cerdo (kg),4890,2018,1,12,132030
193,2018/12/13,66336,41,CARNES,Pulpa Cerdo (kg),4890,2018,12,13,200490
194,2018/4/21,66336,19,CARNES,Pulpa Cerdo (kg),4890,2018,4,21,92910
195,2018/2/28,66336,43,CARNES,Pulpa Cerdo (kg),4890,2018,2,28,210270
196,2018/4/20,66336,8,CARNES,Pulpa Cerdo (kg),4890,2018,4,20,39120
197,2018/5/17,66336,44,CARNES,Pulpa Cerdo (kg),4890,2018,5,17,215160
198,2018/4/25,66336,15,CARNES,Pulpa Cerdo (kg),4890,2018,4,25,73350
199,2018/9/17,66336,10,CARNES,Pulpa Cerdo (kg),4890,2018,9,17,48900
200,2018/12/17,66336,28,CARNES,Pulpa Cerdo (kg),4890,2018,12,17,136920
201,2018/10/15,66336,6,CARNES,Pulpa Cerdo (kg),4890,2018,10,15,29340
202,2018/8/1,66336,44,CARNES,Pulpa Cerdo (kg),4890,2018,8,1,215160
203,2018/10/15,66336,10,CARNES,Pulpa Cerdo (kg),4890,2018,10,15,48900
204,2018/9/8,66336,6,CARNES,Pulpa Cerdo (kg),4890,2018,9,8,29340
205,2018/11/16,66336,31,CARNES,Pulpa Cerdo (kg),4890,2018,11,16,151590
206,2018/5/10,66336,29,CARNES,Pulpa Cerdo (kg),4890,2018,5,10,141810
207,2018/3/4,66336,45,CARNES,Pulpa Cerdo (kg),4890,2018,3,4,220050
208,2018/7/2,66336,24,CARNES,Pulpa Cerdo (kg),4890,2018,7,2,117360
209,2018/12/23,66336,4,CARNES,Pulpa Cerdo (kg),4890,2018,12,23,19560
210,2018/10/24,66336,34,CARNES,Pulpa Cerdo (kg),4890,2018,10,24,166260
211,2018/5/15,66336,48,CARNES,Pulpa Cerdo (kg),4890,2018,5,15,234720
212,2018/2/26,66336,42,CARNES,Pulpa Cerdo (kg),4890,2018,2,26,205380
213,2018/6/23,66336,11,CARNES,Pulpa Cerdo (kg),4890,2018,6,23,53790
214,2018/8/25,66336,30,CARNES,Pulpa Cerdo (kg),4890,2018,8,25,146700
215,2018/11/26,60763,9,CARNES,Filete (kg),5690,2018,11,26,51210
216,2018/4/8,60763,44,CARNES,Filete (kg),5690,2018,4,8,250360
217,2018/8/25,60763,32,CARNES,Filete (kg),5690,2018,8,25,182080
218,2018/2/3,60763,39,CARNES,Filete (kg),5690,2018,2,3,221910
219,2018/2/18,60763,37,CARNES,Filete (kg),5690,2018,2,18,210530
220,2018/2/4,60763,10,CARNES,Filete (kg),5690,2018,2,4,56900
221,2018/7/7,60763,9,CARNES,Filete (kg),5690,2018,7,7,51210
222,2018/11/7,60763,16,CARNES,Filete (kg),5690,2018,11,7,91040
223,2018/8/18,60763,7,CARNES,Filete (kg),5690,2018,8,18,39830
224,2018/7/16,60763,12,CARNES,Filete (kg),5690,2018,7,16,68280
225,2018/2/11,60763,6,CARNES,Filete (kg),5690,2018,2,11,34140
226,2018/11/20,60763,19,CARNES,Filete (kg),5690,2018,11,20,108110
227,2018/5/13,60763,8,CARNES,Filete (kg),5690,2018,5,13,45520
228,2018/4/24,60763,28,CARNES,Filete (kg),5690,2018,4,24,159320
229,2018/3/15,60763,8,CARNES,Filete (kg),5690,2018,3,15,45520
230,2018/6/2,60763,44,CARNES,Filete (kg),5690,2018,6,2,250360
231,2018/6/16,60763,23,CARNES,Filete (kg),5690,2018,6,16,130870
232,2018/8/1,60763,15,CARNES,Filete (kg),5690,2018,8,1,85350
233,2018/6/16,60763,6,CARNES,Filete (kg),5690,2018,6,16,34140
234,2018/1/20,60763,1,CARNES,Filete (kg),5690,2018,1,20,5690
235,2018/10/21,60763,30,CARNES,Filete (kg),5690,2018,10,21,170700
236,2018/10/22,60763,24,CARNES,Filete (kg),5690,2018,10,22,136560
237,2018/12/14,60763,41,CARNES,Filete (kg),5690,2018,12,14,233290
238,2018/12/2,60763,26,CARNES,Filete (kg),5690,2018,12,2,147940
239,2018/12/7,60763,22,CARNES,Filete (kg),5690,2018,12,7,125180
240,2018/2/26,60763,5,CARNES,Filete (kg),5690,2018,2,26,28450
241,2018/11/21,60763,19,CARNES,Filete (kg),5690,2018,11,21,108110
242,2018/6/20,72963,33,PANADERIA,Hallulla (kg),890,2018,6,20,29370
243,2018/3/9,72963,13,PANADERIA,Hallulla (kg),890,2018,3,9,11570
244,2018/5/16,72963,12,PANADERIA,Hallulla (kg),890,2018,5,16,10680
245,2018/7/12,72963,44,PANADERIA,Hallulla (kg),890,2018,7,12,39160
246,2018/5/5,72963,17,PANADERIA,Hallulla (kg),890,2018,5,5,15130
247,2018/12/10,72963,32,PANADERIA,Hallulla (kg),890,2018,12,10,28480
248,2018/5/2,72963,9,PANADERIA,Hallulla (kg),890,2018,5,2,8010
249,2018/7/14,72963,24,PANADERIA,Hallulla (kg),890,2018,7,14,21360
250,2018/12/27,72963,14,PANADERIA,Hallulla (kg),890,2018,12,27,12460
251,2018/9/12,72963,14,PANADERIA,Hallulla (kg),890,2018,9,12,12460
252,2018/8/14,72963,10,PANADERIA,Hallulla (kg),890,2018,8,14,8900
253,2018/12/6,72963,48,PANADERIA,Hallulla (kg),890,2018,12,6,42720
254,2018/10/10,72963,26,PANADERIA,Hallulla (kg),890,2018,10,10,23140
255,2018/9/4,72963,33,PANADERIA,Hallulla (kg),890,2018,9,4,29370
256,2018/5/19,72963,22,PANADERIA,Hallulla (kg),890,2018,5,19,19580
257,2018/4/11,72963,42,PANADERIA,Hallulla (kg),890,2018,4,11,37380
258,2018/1/3,72963,21,PANADERIA,Hallulla (kg),890,2018,1,3,18690
259,2018/6/3,72963,13,PANADERIA,Hallulla (kg),890,2018,6,3,11570
260,2018/1/23,72963,16,PANADERIA,Hallulla (kg),890,2018,1,23,14240
261,2018/11/27,72963,7,PANADERIA,Hallulla (kg),890,2018,11,27,6230
262,2018/7/9,72963,12,PANADERIA,Hallulla (kg),890,2018,7,9,10680
263,2018/7/26,72963,5,PANADERIA,Hallulla (kg),890,2018,7,26,4450
264,2018/12/7,72963,1,PANADERIA,Hallulla (kg),890,2018,12,7,890
265,2018/10/3,72963,11,PANADERIA,Hallulla (kg),890,2018,10,3,9790
266,2018/10/5,72963,18,PANADERIA,Hallulla (kg),890,2018,10,5,16020
267,2018/6/23,72963,47,PANADERIA,Hallulla (kg),890,2018,6,23,41830
268,2018/9/13,37847,5,LIMPIEZA,Esponja,390,2018,9,13,1950
269,2018/3/23,37847,5,LIMPIEZA,Esponja,390,2018,3,23,1950
270,2018/6/10,37847,29,LIMPIEZA,Esponja,390,2018,6,10,11310
271,2018/11/25,37847,18,LIMPIEZA,Esponja,390,2018,11,25,7020
272,2018/3/2,37847,1,LIMPIEZA,Esponja,390,2018,3,2,390
273,2018/3/11,37847,33,LIMPIEZA,Esponja,390,2018,3,11,12870
274,2018/8/13,37847,19,LIMPIEZA,Esponja,390,2018,8,13,7410
275,2018/12/23,37847,1,LIMPIEZA,Esponja,390,2018,12,23,390
276,2018/7/21,37847,15,LIMPIEZA,Esponja,390,2018,7,21,5850
277,2018/9/23,37847,29,LIMPIEZA,Esponja,390,2018,9,23,11310
278,2018/6/10,37847,32,LIMPIEZA,Esponja,390,2018,6,10,12480
279,2018/2/21,37847,46,LIMPIEZA,Esponja,390,2018,2,21,17940
280,2018/4/13,37847,46,LIMPIEZA,Esponja,390,2018,4,13,17940
281,2018/7/27,37847,44,LIMPIEZA,Esponja,390,2018,7,27,17160
282,2018/4/28,37847,23,LIMPIEZA,Esponja,390,2018,4,28,8970
283,2018/7/20,37847,11,LIMPIEZA,Esponja,390,2018,7,20,4290
284,2018/4/23,37847,15,LIMPIEZA,Esponja,390,2018,4,23,5850
285,2018/9/17,37847,12,LIMPIEZA,Esponja,390,2018,9,17,4680
286,2018/1/12,37847,10,LIMPIEZA,Esponja,390,2018,1,12,3900
287,2018/8/17,37847,36,LIMPIEZA,Esponja,390,2018,8,17,14040
288,2018/1/7,37847,20,LIMPIEZA,Esponja,390,2018,1,7,7800
289,2018/12/13,37847,21,LIMPIEZA,Esponja,390,2018,12,13,8190
290,2018/5/16,37847,43,LIMPIEZA,Esponja,390,2018,5,16,16770
291,2018/2/14,37847,19,LIMPIEZA,Esponja,390,2018,2,14,7410
292,2018/10/1,14462,24,ASEO PERSONAL,Shampoo,2390,2018,10,1,57360
293,2018/2/4,14462,33,ASEO PERSONAL,Shampoo,2390,2018,2,4,78870
294,2018/7/1,14462,10,ASEO PERSONAL,Shampoo,2390,2018,7,1,23900
295,2018/3/7,14462,34,ASEO PERSONAL,Shampoo,2390,2018,3,7,81260
296,2018/5/14,14462,27,ASEO PERSONAL,Shampoo,2390,2018,5,14,64530
297,2018/5/27,14462,42,ASEO PERSONAL,Shampoo,2390,2018,5,27,100380
298,2018/5/25,14462,17,ASEO PERSONAL,Shampoo,2390,2018,5,25,40630
299,2018/9/16,14462,39,ASEO PERSONAL,Shampoo,2390,2018,9,16,93210
300,2018/11/22,14462,50,ASEO PERSONAL,Shampoo,2390,2018,11,22,119500
301,2018/4/14,14462,26,ASEO PERSONAL,Shampoo,2390,2018,4,14,62140
302,2018/5/27,14462,36,ASEO PERSONAL,Shampoo,2390,2018,5,27,86040
303,2018/5/11,14462,23,ASEO PERSONAL,Shampoo,2390,2018,5,11,54970
304,2018/6/16,14462,22,ASEO PERSONAL,Shampoo,2390,2018,6,16,52580
305,2018/5/17,14462,30,ASEO PERSONAL,Shampoo,2390,2018,5,17,71700
306,2018/9/17,14462,15,ASEO PERSONAL,Shampoo,2390,2018,9,17,35850
307,2018/8/23,14462,26,ASEO PERSONAL,Shampoo,2390,2018,8,23,62140
308,2018/8/15,14462,1,ASEO PERSONAL,Shampoo,2390,2018,8,15,2390
309,2018/2/23,14462,42,ASEO PERSONAL,Shampoo,2390,2018,2,23,100380
310,2018/7/1,14462,30,ASEO PERSONAL,Shampoo,2390,2018,7,1,71700
311,2018/9/9,14462,3,ASEO PERSONAL,Shampoo,2390,2018,9,9,7170
312,2018/9/7,14462,46,ASEO PERSONAL,Shampoo,2390,2018,9,7,109940
313,2018/9/10,14462,34,ASEO PERSONAL,Shampoo,2390,2018,9,10,81260
314,2018/1/1,10878,28,ASEO PERSONAL,Desodorante,1590,2018,1,1,44520
315,2018/11/19,10878,26,ASEO PERSONAL,Desodorante,1590,2018,11,19,41340
316,2018/8/21,10878,48,ASEO PERSONAL,Desodorante,1590,2018,8,21,76320
317,2018/12/25,10878,31,ASEO PERSONAL,Desodorante,1590,2018,12,25,49290
318,2018/6/17,10878,5,ASEO PERSONAL,Desodorante,1590,2018,6,17,7950
319,2018/5/3,10878,1,ASEO PERSONAL,Desodorante,1590,2018,5,3,1590
320,2018/9/6,10878,13,ASEO PERSONAL,Desodorante,1590,2018,9,6,20670
321,2018/1/7,10878,38,ASEO PERSONAL,Desodorante,1590,2018,1,7,60420
322,2018/9/12,10878,5,ASEO PERSONAL,Desodorante,1590,2018,9,12,7950
323,2018/11/26,10878,27,ASEO PERSONAL,Desodorante,1590,2018,11,26,42930
324,2018/3/14,10878,41,ASEO PERSONAL,Desodorante,1590,2018,3,14,65190
325,2018/6/12,10878,18,ASEO PERSONAL,Desodorante,1590,2018,6,12,28620
326,2018/5/8,10878,2,ASEO PERSONAL,Desodorante,1590,2018,5,8,3180
327,2018/11/15,10878,13,ASEO PERSONAL,Desodorante,1590,2018,11,15,20670
328,2018/12/14,10878,46,ASEO PERSONAL,Desodorante,1590,2018,12,14,73140
329,2018/2/11,10878,42,ASEO PERSONAL,Desodorante,1590,2018,2,11,66780
330,2018/2/16,10878,20,ASEO PERSONAL,Desodorante,1590,2018,2,16,31800
331,2018/1/17,10878,21,ASEO PERSONAL,Desodorante,1590,2018,1,17,33390
332,2018/1/7,10878,24,ASEO PERSONAL,Desodorante,1590,2018,1,7,38160
333,2018/8/26,10878,28,ASEO PERSONAL,Desodorante,1590,2018,8,26,44520
334,2018/8/25,10878,37,ASEO PERSONAL,Desodorante,1590,2018,8,25,58830
335,2018/5/21,10878,40,ASEO PERSONAL,Desodorante,1590,2018,5,21,63600
336,2018/9/8,10878,4,ASEO PERSONAL,Desodorante,1590,2018,9,8,6360
337,2018/6/11,10878,31,ASEO PERSONAL,Desodorante,1590,2018,6,11,49290
338,2018/11/17,10878,50,ASEO PERSONAL,Desodorante,1590,2018,11,17,79500
339,2018/1/16,34424,2,LIMPIEZA,Limpiapisos Y,1190,2018,1,16,2380
340,2018/6/5,34424,50,LIMPIEZA,Limpiapisos Y,1190,2018,6,5,59500
341,2018/6/8,34424,15,LIMPIEZA,Limpiapisos Y,1190,2018,6,8,17850
342,2018/5/1,34424,11,LIMPIEZA,Limpiapisos Y,1190,2018,5,1,13090
343,2018/4/1,34424,17,LIMPIEZA,Limpiapisos Y,1190,2018,4,1,20230
344,2018/3/16,34424,9,LIMPIEZA,Limpiapisos Y,1190,2018,3,16,10710
345,2018/3/20,34424,2,LIMPIEZA,Limpiapisos Y,1190,2018,3,20,2380
346,2018/11/2,34424,20,LIMPIEZA,Limpiapisos Y,1190,2018,11,2,23800
347,2018/5/9,34424,44,LIMPIEZA,Limpiapisos Y,1190,2018,5,9,52360
348,2018/10/5,34424,33,LIMPIEZA,Limpiapisos Y,1190,2018,10,5,39270
349,2018/4/6,34424,41,LIMPIEZA,Limpiapisos Y,1190,2018,4,6,48790
350,2018/7/4,34424,42,LIMPIEZA,Limpiapisos Y,1190,2018,7,4,49980
351,2018/4/16,34424,30,LIMPIEZA,Limpiapisos Y,1190,2018,4,16,35700
352,2018/5/20,34424,48,LIMPIEZA,Limpiapisos Y,1190,2018,5,20,57120
353,2018/10/18,34424,13,LIMPIEZA,Limpiapisos Y,1190,2018,10,18,15470
354,2018/9/16,34424,9,LIMPIEZA,Limpiapisos Y,1190,2018,9,16,10710
355,2018/3/23,34424,36,LIMPIEZA,Limpiapisos Y,1190,2018,3,23,42840
356,2018/5/2,34424,44,LIMPIEZA,Limpiapisos Y,1190,2018,5,2,52360
357,2018/5/12,34424,10,LIMPIEZA,Limpiapisos Y,1190,2018,5,12,11900
358,2018/3/23,34424,31,LIMPIEZA,Limpiapisos Y,1190,2018,3,23,36890
359,2018/4/22,34424,41,LIMPIEZA,Limpiapisos Y,1190,2018,4,22,48790
360,2018/8/1,34424,17,LIMPIEZA,Limpiapisos Y,1190,2018,8,1,20230
361,2018/8/26,34424,27,LIMPIEZA,Limpiapisos Y,1190,2018,8,26,32130
362,2018/9/26,36736,7,LIMPIEZA,Limpiapisos Z,990,2018,9,26,6930
363,2018/12/25,36736,29,LIMPIEZA,Limpiapisos Z,990,2018,12,25,28710
364,2018/1/10,36736,45,LIMPIEZA,Limpiapisos Z,990,2018,1,10,44550
365,2018/1/14,36736,13,LIMPIEZA,Limpiapisos Z,990,2018,1,14,12870
366,2018/7/2,36736,40,LIMPIEZA,Limpiapisos Z,990,2018,7,2,39600
367,2018/3/25,36736,25,LIMPIEZA,Limpiapisos Z,990,2018,3,25,24750
368,2018/9/3,36736,38,LIMPIEZA,Limpiapisos Z,990,2018,9,3,37620
369,2018/4/19,36736,49,LIMPIEZA,Limpiapisos Z,990,2018,4,19,48510
370,2018/8/11,36736,45,LIMPIEZA,Limpiapisos Z,990,2018,8,11,44550
371,2018/2/2,36736,14,LIMPIEZA,Limpiapisos Z,990,2018,2,2,13860
372,2018/10/11,36736,44,LIMPIEZA,Limpiapisos Z,990,2018,10,11,43560
373,2018/8/11,36736,22,LIMPIEZA,Limpiapisos Z,990,2018,8,11,21780
374,2018/10/19,36736,3,LIMPIEZA,Limpiapisos Z,990,2018,10,19,2970
375,2018/2/9,36736,41,LIMPIEZA,Limpiapisos Z,990,2018,2,9,40590
376,2018/7/5,36736,12,LIMPIEZA,Limpiapisos Z,990,2018,7,5,11880
377,2018/10/7,36736,3,LIMPIEZA,Limpiapisos Z,990,2018,10,7,2970
378,2018/2/20,36736,17,LIMPIEZA,Limpiapisos Z,990,2018,2,20,16830
379,2018/8/27,36736,4,LIMPIEZA,Limpiapisos Z,990,2018,8,27,3960
380,2018/1/23,36736,23,LIMPIEZA,Limpiapisos Z,990,2018,1,23,22770
381,2018/6/4,36736,41,LIMPIEZA,Limpiapisos Z,990,2018,6,4,40590
382,2018/11/9,36736,18,LIMPIEZA,Limpiapisos Z,990,2018,11,9,17820
383,2018/6/7,36736,46,LIMPIEZA,Limpiapisos Z,990,2018,6,7,45540
384,2018/3/19,36736,42,LIMPIEZA,Limpiapisos Z,990,2018,3,19,41580
385,2018/11/22,36736,29,LIMPIEZA,Limpiapisos Z,990,2018,11,22,28710
386,2018/2/2,36736,44,LIMPIEZA,Limpiapisos Z,990,2018,2,2,43560
387,2018/2/28,36736,38,LIMPIEZA,Limpiapisos Z,990,2018,2,28,37620
388,2018/8/24,41184,29,FRUTAS,Plátano (kg),790,2018,8,24,22910
389,2018/3/2,41184,48,FRUTAS,Plátano (kg),790,2018,3,2,37920
390,2018/10/6,41184,8,FRUTAS,Plátano (kg),790,2018,10,6,6320
391,2018/6/18,41184,13,FRUTAS,Plátano (kg),790,2018,6,18,10270
392,2018/1/28,41184,32,FRUTAS,Plátano (kg),790,2018,1,28,25280
393,2018/3/4,41184,47,FRUTAS,Plátano (kg),790,2018,3,4,37130
394,2018/10/28,41184,18,FRUTAS,Plátano (kg),790,2018,10,28,14220
395,2018/6/27,41184,30,FRUTAS,Plátano (kg),790,2018,6,27,23700
396,2018/3/20,41184,47,FRUTAS,Plátano (kg),790,2018,3,20,37130
397,2018/2/4,41184,32,FRUTAS,Plátano (kg),790,2018,2,4,25280
398,2018/8/1,41184,19,FRUTAS,Plátano (kg),790,2018,8,1,15010
399,2018/4/9,41184,47,FRUTAS,Plátano (kg),790,2018,4,9,37130
400,2018/8/5,41184,21,FRUTAS,Plátano (kg),790,2018,8,5,16590
401,2018/12/14,41184,36,FRUTAS,Plátano (kg),790,2018,12,14,28440
402,2018/7/16,41184,42,FRUTAS,Plátano (kg),790,2018,7,16,33180
403,2018/3/3,41184,30,FRUTAS,Plátano (kg),790,2018,3,3,23700
404,2018/8/12,41184,37,FRUTAS,Plátano (kg),790,2018,8,12,29230
405,2018/2/9,41184,20,FRUTAS,Plátano (kg),790,2018,2,9,15800
406,2018/2/28,41184,46,FRUTAS,Plátano (kg),790,2018,2,28,36340
407,2018/12/13,41184,2,FRUTAS,Plátano (kg),790,2018,12,13,1580
408,2018/8/3,41184,43,FRUTAS,Plátano (kg),790,2018,8,3,33970
409,2018/11/25,41184,30,FRUTAS,Plátano (kg),790,2018,11,25,23700
410,2018/12/14,41184,9,FRUTAS,Plátano (kg),790,2018,12,14,7110
411,2018/1/25,41184,1,FRUTAS,Plátano (kg),790,2018,1,25,790
412,2018/8/22,41184,19,FRUTAS,Plátano (kg),790,2018,8,22,15010
413,2018/5/6,41184,12,FRUTAS,Plátano (kg),790,2018,5,6,9480
414,2018/6/15,41184,4,FRUTAS,Plátano (kg),790,2018,6,15,3160
415,2018/10/26,30400,8,LIMPIEZA,Limpiapisos X,1090,2018,10,26,8720
416,2018/1/10,30400,34,LIMPIEZA,Limpiapisos X,1090,2018,1,10,37060
417,2018/5/21,30400,35,LIMPIEZA,Limpiapisos X,1090,2018,5,21,38150
418,2018/4/10,30400,14,LIMPIEZA,Limpiapisos X,1090,2018,4,10,15260
419,2018/1/15,30400,36,LIMPIEZA,Limpiapisos X,1090,2018,1,15,39240
420,2018/6/13,30400,8,LIMPIEZA,Limpiapisos X,1090,2018,6,13,8720
421,2018/4/2,30400,32,LIMPIEZA,Limpiapisos X,1090,2018,4,2,34880
422,2018/2/5,30400,2,LIMPIEZA,Limpiapisos X,1090,2018,2,5,2180
423,2018/7/13,30400,36,LIMPIEZA,Limpiapisos X,1090,2018,7,13,39240
424,2018/8/8,30400,12,LIMPIEZA,Limpiapisos X,1090,2018,8,8,13080
425,2018/1/24,30400,20,LIMPIEZA,Limpiapisos X,1090,2018,1,24,21800
426,2018/12/21,30400,47,LIMPIEZA,Limpiapisos X,1090,2018,12,21,51230
427,2018/5/19,30400,17,LIMPIEZA,Limpiapisos X,1090,2018,5,19,18530
428,2018/4/1,30400,46,LIMPIEZA,Limpiapisos X,1090,2018,4,1,50140
429,2018/8/9,30400,27,LIMPIEZA,Limpiapisos X,1090,2018,8,9,29430
430,2018/7/24,30400,31,LIMPIEZA,Limpiapisos X,1090,2018,7,24,33790
431,2018/5/7,30400,31,LIMPIEZA,Limpiapisos X,1090,2018,5,7,33790
432,2018/9/3,30400,18,LIMPIEZA,Limpiapisos X,1090,2018,9,3,19620
433,2018/2/28,57775,35,VERDURAS,Acelga,890,2018,2,28,31150
434,2018/7/4,57775,17,VERDURAS,Acelga,890,2018,7,4,15130
435,2018/12/23,57775,8,VERDURAS,Acelga,890,2018,12,23,7120
436,2018/11/19,57775,30,VERDURAS,Acelga,890,2018,11,19,26700
437,2018/3/5,57775,31,VERDURAS,Acelga,890,2018,3,5,27590
438,2018/11/12,57775,15,VERDURAS,Acelga,890,2018,11,12,13350
439,2018/7/24,57775,25,VERDURAS,Acelga,890,2018,7,24,22250
440,2018/5/23,57775,20,VERDURAS,Acelga,890,2018,5,23,17800
441,2018/10/9,57775,12,VERDURAS,Acelga,890,2018,10,9,10680
442,2018/6/3,57775,36,VERDURAS,Acelga,890,2018,6,3,32040
443,2018/9/14,57775,46,VERDURAS,Acelga,890,2018,9,14,40940
444,2018/2/28,57775,50,VERDURAS,Acelga,890,2018,2,28,44500
445,2018/9/3,57775,38,VERDURAS,Acelga,890,2018,9,3,33820
446,2018/7/14,57775,7,VERDURAS,Acelga,890,2018,7,14,6230
447,2018/6/24,57775,34,VERDURAS,Acelga,890,2018,6,24,30260
448,2018/12/8,57775,15,VERDURAS,Acelga,890,2018,12,8,13350
449,2018/9/28,57775,35,VERDURAS,Acelga,890,2018,9,28,31150
450,2018/7/2,57775,18,VERDURAS,Acelga,890,2018,7,2,16020
451,2018/4/26,57775,16,VERDURAS,Acelga,890,2018,4,26,14240
452,2018/9/26,57775,35,VERDURAS,Acelga,890,2018,9,26,31150
453,2018/1/6,57775,11,VERDURAS,Acelga,890,2018,1,6,9790
454,2018/9/6,57775,48,VERDURAS,Acelga,890,2018,9,6,42720
455,2018/1/8,57775,38,VERDURAS,Acelga,890,2018,1,8,33820
456,2018/6/28,57775,44,VERDURAS,Acelga,890,2018,6,28,39160
457,2018/5/27,57775,46,VERDURAS,Acelga,890,2018,5,27,40940
458,2018/10/3,57775,49,VERDURAS,Acelga,890,2018,10,3,43610
459,2018/12/4,23295,43,ABARROTES,Arroz,659,2018,12,4,28337
460,2018/4/1,23295,8,ABARROTES,Arroz,659,2018,4,1,5272
461,2018/6/4,23295,34,ABARROTES,Arroz,659,2018,6,4,22406
462,2018/8/6,23295,27,ABARROTES,Arroz,659,2018,8,6,17793
463,2018/5/24,23295,37,ABARROTES,Arroz,659,2018,5,24,24383
464,2018/10/28,23295,27,ABARROTES,Arroz,659,2018,10,28,17793
465,2018/6/19,23295,14,ABARROTES,Arroz,659,2018,6,19,9226
466,2018/5/27,23295,11,ABARROTES,Arroz,659,2018,5,27,7249
467,2018/8/2,23295,3,ABARROTES,Arroz,659,2018,8,2,1977
468,2018/7/13,23295,16,ABARROTES,Arroz,659,2018,7,13,10544
469,2018/11/3,23295,5,ABARROTES,Arroz,659,2018,11,3,3295
470,2018/12/14,23295,44,ABARROTES,Arroz,659,2018,12,14,28996
471,2018/4/8,23295,22,ABARROTES,Arroz,659,2018,4,8,14498
472,2018/11/23,23295,41,ABARROTES,Arroz,659,2018,11,23,27019
473,2018/7/9,23295,47,ABARROTES,Arroz,659,2018,7,9,30973
474,2018/1/7,23295,9,ABARROTES,Arroz,659,2018,1,7,5931
475,2018/12/7,23295,29,ABARROTES,Arroz,659,2018,12,7,19111
476,2018/8/15,23295,41,ABARROTES,Arroz,659,2018,8,15,27019
477,2018/6/16,23295,21,ABARROTES,Arroz,659,2018,6,16,13839
478,2018/2/10,74171,43,PANADERIA,Torta manjar nuez,7990,2018,2,10,343570
479,2018/10/18,74171,13,PANADERIA,Torta manjar nuez,7990,2018,10,18,103870
480,2018/2/9,74171,15,PANADERIA,Torta manjar nuez,7990,2018,2,9,119850
481,2018/12/22,74171,36,PANADERIA,Torta manjar nuez,7990,2018,12,22,287640
482,2018/11/5,74171,31,PANADERIA,Torta manjar nuez,7990,2018,11,5,247690
483,2018/6/13,74171,36,PANADERIA,Torta manjar nuez,7990,2018,6,13,287640
484,2018/11/19,74171,5,PANADERIA,Torta manjar nuez,7990,2018,11,19,39950
485,2018/10/16,74171,8,PANADERIA,Torta manjar nuez,7990,2018,10,16,63920
486,2018/5/8,74171,30,PANADERIA,Torta manjar nuez,7990,2018,5,8,239700
487,2018/12/5,74171,27,PANADERIA,Torta manjar nuez,7990,2018,12,5,215730
488,2018/7/7,74171,19,PANADERIA,Torta manjar nuez,7990,2018,7,7,151810
489,2018/7/26,74171,50,PANADERIA,Torta manjar nuez,7990,2018,7,26,399500
490,2018/11/11,74171,8,PANADERIA,Torta manjar nuez,7990,2018,11,11,63920
491,2018/3/17,74171,21,PANADERIA,Torta manjar nuez,7990,2018,3,17,167790
492,2018/2/1,74171,41,PANADERIA,Torta manjar nuez,7990,2018,2,1,327590
493,2018/6/4,74171,44,PANADERIA,Torta manjar nuez,7990,2018,6,4,351560
494,2018/8/27,53447,40,VERDURAS,Espinaca,890,2018,8,27,35600
495,2018/5/3,53447,17,VERDURAS,Espinaca,890,2018,5,3,15130
496,2018/8/25,53447,38,VERDURAS,Espinaca,890,2018,8,25,33820
497,2018/6/19,53447,47,VERDURAS,Espinaca,890,2018,6,19,41830
498,2018/3/3,53447,21,VERDURAS,Espinaca,890,2018,3,3,18690
499,2018/6/10,53447,28,VERDURAS,Espinaca,890,2018,6,10,24920
500,2018/12/2,53447,37,VERDURAS,Espinaca,890,2018,12,2,32930
501,2018/3/21,53447,16,VERDURAS,Espinaca,890,2018,3,21,14240
502,2018/4/21,53447,35,VERDURAS,Espinaca,890,2018,4,21,31150
503,2018/4/24,53447,46,VERDURAS,Espinaca,890,2018,4,24,40940
504,2018/8/11,53447,49,VERDURAS,Espinaca,890,2018,8,11,43610
505,2018/7/6,53447,37,VERDURAS,Espinaca,890,2018,7,6,32930
506,2018/2/12,53447,43,VERDURAS,Espinaca,890,2018,2,12,38270
507,2018/10/6,53447,50,VERDURAS,Espinaca,890,2018,10,6,44500
508,2018/5/27,53447,2,VERDURAS,Espinaca,890,2018,5,27,1780
509,2018/4/8,53447,48,VERDURAS,Espinaca,890,2018,4,8,42720
510,2018/10/4,53447,49,VERDURAS,Espinaca,890,2018,10,4,43610
511,2018/8/18,53447,3,VERDURAS,Espinaca,890,2018,8,18,2670
512,2018/3/23,53447,31,VERDURAS,Espinaca,890,2018,3,23,27590
513,2018/2/28,53447,47,VERDURAS,Espinaca,890,2018,2,28,41830
514,2018/4/6,53447,14,VERDURAS,Espinaca,890,2018,4,6,12460
515,2018/2/5,53447,23,VERDURAS,Espinaca,890,2018,2,5,20470
516,2018/5/19,53447,22,VERDURAS,Espinaca,890,2018,5,19,19580
517,2018/3/22,53447,27,VERDURAS,Espinaca,890,2018,3,22,24030
518,2018/5/27,53447,17,VERDURAS,Espinaca,890,2018,5,27,15130
519,2018/8/27,40359,42,FRUTAS,Manzana (kg),590,2018,8,27,24780
520,2018/8/23,40359,49,FRUTAS,Manzana (kg),590,2018,8,23,28910
521,2018/3/11,40359,35,FRUTAS,Manzana (kg),590,2018,3,11,20650
522,2018/4/6,40359,17,FRUTAS,Manzana (kg),590,2018,4,6,10030
523,2018/11/13,40359,47,FRUTAS,Manzana (kg),590,2018,11,13,27730
524,2018/4/2,40359,50,FRUTAS,Manzana (kg),590,2018,4,2,29500
525,2018/10/26,40359,35,FRUTAS,Manzana (kg),590,2018,10,26,20650
526,2018/7/11,40359,38,FRUTAS,Manzana (kg),590,2018,7,11,22420
527,2018/11/3,40359,30,FRUTAS,Manzana (kg),590,2018,11,3,17700
528,2018/12/25,40359,3,FRUTAS,Manzana (kg),590,2018,12,25,1770
529,2018/8/20,40359,19,FRUTAS,Manzana (kg),590,2018,8,20,11210
530,2018/5/4,40359,48,FRUTAS,Manzana (kg),590,2018,5,4,28320
531,2018/8/3,40359,28,FRUTAS,Manzana (kg),590,2018,8,3,16520
532,2018/11/8,40359,8,FRUTAS,Manzana (kg),590,2018,11,8,4720
533,2018/11/3,40359,17,FRUTAS,Manzana (kg),590,2018,11,3,10030
534,2018/4/24,40359,1,FRUTAS,Manzana (kg),590,2018,4,24,590
535,2018/1/1,40359,23,FRUTAS,Manzana (kg),590,2018,1,1,13570
536,2018/9/20,40359,9,FRUTAS,Manzana (kg),590,2018,9,20,5310
537,2018/9/23,40359,37,FRUTAS,Manzana (kg),590,2018,9,23,21830
538,2018/10/24,40359,37,FRUTAS,Manzana (kg),590,2018,10,24,21830
539,2018/6/14,40359,40,FRUTAS,Manzana (kg),590,2018,6,14,23600
540,2018/3/19,62924,31,CARNES,Lomo Vetado (kg),6390,2018,3,19,198090
541,2018/8/18,62924,44,CARNES,Lomo Vetado (kg),6390,2018,8,18,281160
542,2018/4/21,62924,40,CARNES,Lomo Vetado (kg),6390,2018,4,21,255600
543,2018/10/3,62924,40,CARNES,Lomo Vetado (kg),6390,2018,10,3,255600
544,2018/3/27,62924,43,CARNES,Lomo Vetado (kg),6390,2018,3,27,274770
545,2018/1/22,62924,31,CARNES,Lomo Vetado (kg),6390,2018,1,22,198090
546,2018/3/15,62924,39,CARNES,Lomo Vetado (kg),6390,2018,3,15,249210
547,2018/12/28,62924,1,CARNES,Lomo Vetado (kg),6390,2018,12,28,6390
548,2018/4/9,62924,12,CARNES,Lomo Vetado (kg),6390,2018,4,9,76680
549,2018/2/16,62924,36,CARNES,Lomo Vetado (kg),6390,2018,2,16,230040
550,2018/9/16,62924,50,CARNES,Lomo Vetado (kg),6390,2018,9,16,319500
551,2018/9/12,62924,50,CARNES,Lomo Vetado (kg),6390,2018,9,12,319500
552,2018/12/12,62924,20,CARNES,Lomo Vetado (kg),6390,2018,12,12,127800
553,2018/8/18,62924,20,CARNES,Lomo Vetado (kg),6390,2018,8,18,127800
554,2018/7/28,62924,27,CARNES,Lomo Vetado (kg),6390,2018,7,28,172530
555,2018/7/2,62924,22,CARNES,Lomo Vetado (kg),6390,2018,7,2,140580
556,2018/2/18,62924,27,CARNES,Lomo Vetado (kg),6390,2018,2,18,172530
557,2018/7/15,62924,42,CARNES,Lomo Vetado (kg),6390,2018,7,15,268380
558,2018/2/24,62924,15,CARNES,Lomo Vetado (kg),6390,2018,2,24,95850
559,2018/3/9,62924,18,CARNES,Lomo Vetado (kg),6390,2018,3,9,115020
560,2018/1/25,62924,20,CARNES,Lomo Vetado (kg),6390,2018,1,25,127800
561,2018/8/1,62924,37,CARNES,Lomo Vetado (kg),6390,2018,8,1,236430
562,2018/4/14,62924,26,CARNES,Lomo Vetado (kg),6390,2018,4,14,166140
563,2018/4/16,62924,25,CARNES,Lomo Vetado (kg),6390,2018,4,16,159750
564,2018/1/4,62924,4,CARNES,Lomo Vetado (kg),6390,2018,1,4,25560
565,2018/3/4,62924,15,CARNES,Lomo Vetado (kg),6390,2018,3,4,95850
566,2018/10/7,62924,36,CARNES,Lomo Vetado (kg),6390,2018,10,7,230040
